Slide,Slide tittle,Slide Subtittle,Layout,Chart Tittle,CDR source,KPI,Chart type,Legend,Filters,Grouping_Rows,Grouping_Columns
1,2025 Q4 Net check UK,"NSA CDR analysis\nBelfast, Bristol, Cardiff, Edinburgh, London, Leeds and Sheffield",Title Page,,,,Title Slide,,,,
2,Executive Summary,,Title Only,,,,Transition Slide,,,,
3,Completed Call Ratio,"Belfast, Bristol, Cardiff, Edinburgh, London, Leeds and Sheffield",Title and 1 column + Comments,,CDR-Voice,Call_Status,100% Stacked Vertical Bars,,"Call Family IN (VoLTE, MultiRAB, WhatsApp); Operator IN (Vodafone UK, 3, EE)",Call Family,Operator × Campaign
4,Voice failures per Q/city,"Belfast, Bristol, Cardiff, Edinburgh, London, Leeds and Sheffield",Title and 1 column + Comments,,CDR-Voice,Call_Status,Count Stacked Horizontal Bars,,"Call Family IN (VoLTE, MultiRAB, WhatsApp); Call_Status IN (Failed, Dropped)",Call Family × G Level 4,Operator × Campaign
5,Data failure,"Belfast, Bristol, Cardiff, Edinburgh, London, Leeds and Sheffield",Title and 2 rows + Comments right,,CDR-Data,Test_Result,100% Stacked Vertical Bars,,"Test Family IN (httpBrowser, htttpBrowser, httpTransfer, YouTube, VideoStreaming)",Type_of_Test,Operator × Campaign
5,Data failure,"Belfast, Bristol, Cardiff, Edinburgh, London, Leeds and Sheffield",Title and 2 rows + Comments right,,CDR-Data,Test_Result,100% Stacked Vertical Bars,,Test_Name CONTAINS FDFS,Type_of_Test,Operator × Campaign
6,Data failures - FDFS test,"Belfast, Bristol, Cardiff, Edinburgh, London, Leeds and Sheffield",Title and 1 column + Comments,,CDR-Data,Test_Result,100% Stacked Vertical Bars,,Test_Name CONTAINS FDFS,Test Family × Test Name × Direction,Operator × Campaign
7,POLQA AVG MOS (Multirab&volte),"Belfast, Bristol, Cardiff, Edinburgh, London, Leeds and Sheffield",Title and 2 columns + Comments,,CDR-Speech,LQ,CDF Line,,"Call_Status = Completed; Call Family IN (VoLTE, MultiRAB); Operator IN (Vodafone UK, 3, EE)",Operator,Campaign
7,POLQA AVG MOS (Multirab&volte),"Belfast, Bristol, Cardiff, Edinburgh, London, Leeds and Sheffield",Title and 2 columns + Comments,,CDR-Speech,LQ,Average Vertical Bars,,"Call_Status = Completed; Call Family IN (VoLTE, MultiRAB); Operator IN (Vodafone UK, 3, EE)",Operator,Campaign
8,POLQA AVG MOS (WhatsApp),"Belfast, Bristol, Cardiff, Edinburgh, London, Leeds and Sheffield",Title and 3 columns + Comments,,CDR-Speech,LQ,CDF Line,,"Call_Status = Completed; Call Family = WhatsApp; Operator IN (Vodafone UK, 3, EE)",Operator,Campaign
8,POLQA AVG MOS (WhatsApp),"Belfast, Bristol, Cardiff, Edinburgh, London, Leeds and Sheffield",Title and 3 columns + Comments,,CDR-Speech,LQ,Average Vertical Bars,,"Call_Status = Completed; Call Family = WhatsApp; Operator IN (Vodafone UK, 3, EE)",Operator,Campaign
8,POLQA AVG MOS (WhatsApp),"Belfast, Bristol, Cardiff, Edinburgh, London, Leeds and Sheffield",Title and 3 columns + Comments,,CDR-Speech,LQ,CDF Line,,"Call_Status = Completed; Call Family = WhatsApp; Operator IN (Vodafone UK, 3, EE); Campaign = Latest",Operator,
9,POLQA <1.6,"Belfast, Bristol, Cardiff, Edinburgh, London, Leeds and Sheffield",Title and 2 columns + Comments,,CDR-Speech,LQ,Threshold Stacked Vertical Bars,,"Call_Status = Completed; Call Family = WhatsApp; Operator IN (Vodafone UK, 3, EE); Threshold = 1.6",Operator,Campaign
9,POLQA <1.6,"Belfast, Bristol, Cardiff, Edinburgh, London, Leeds and Sheffield",Title and 2 columns + Comments,,CDR-Speech,LQ,Threshold Stacked Vertical Bars,,"Call_Status = Completed; Call Family = VoLTE; Operator IN (Vodafone UK, 3, EE); Threshold = 1.6",Operator,Campaign
10,CST,"Belfast, Bristol, Cardiff, Edinburgh, London, Leeds and Sheffield",Title and 2 columns + Comments,,CDR-Voice,Call_Setup_Time,CDF Line,,"Call Family IN (VoLTE, MultiRAB)",Operator,Campaign
10,CST,"Belfast, Bristol, Cardiff, Edinburgh, London, Leeds and Sheffield",Title and 2 columns + Comments,,CDR-Voice,Call_Setup_Time,Average Vertical Bars,,"Call Family IN (VoLTE, MultiRAB)",Operator,Campaign
11,FDTT DL (7s),"Belfast, Bristol, Cardiff, Edinburgh, London, Leeds and Sheffield",Title and 2 columns + Comments,,CDR-Data,Mean_Data_Rate,CDF Line,,"Test_Result = Completed; Test_Name CONTAINS FDTT http DL MT; Operator IN (Vodafone UK, 3, EE)",Operator,Campaign
11,FDTT DL (7s),"Belfast, Bristol, Cardiff, Edinburgh, London, Leeds and Sheffield",Title and 2 columns + Comments,,CDR-Data,Mean_Data_Rate,Distribution Stacked Vertical Bars,,"Test_Result = Completed; Test_Name CONTAINS FDTT http DL MT; Operator IN (Vodafone UK, 3, EE); Buckets = 1,5,20,100",Operator,Campaign × Rate Bucket
12,FDTT UL (7s),"Belfast, Bristol, Cardiff, Edinburgh, London, Leeds and Sheffield",Title and 2 columns + Comments,,CDR-Data,Mean_Data_Rate,CDF Line,,"Test_Result = Completed; Test_Name CONTAINS FDTT UDP UL ST; Operator IN (Vodafone UK, 3, EE)",Operator,Campaign
12,FDTT UL (7s),"Belfast, Bristol, Cardiff, Edinburgh, London, Leeds and Sheffield",Title and 2 columns + Comments,,CDR-Data,Mean_Data_Rate,Distribution Stacked Vertical Bars,,"Test_Result = Completed; Test_Name CONTAINS FDTT UDP UL ST; Operator IN (Vodafone UK, 3, EE); Buckets = 1,3,10,20",Operator,Campaign × Rate Bucket
13,FDFS DL,"Belfast, Bristol, Cardiff, Edinburgh, London, Leeds and Sheffield",Title and 3 columns + Comments,,CDR-Data,Mean_Data_Rate,CDF Line,,"Test_Result = Completed; Test_Name IN (FDFS HTTP DL ST, FDFS HTTPS DL ST); Operator IN (Vodafone UK, 3, EE)",Operator,Campaign
13,FDFS DL,"Belfast, Bristol, Cardiff, Edinburgh, London, Leeds and Sheffield",Title and 3 columns + Comments,,CDR-Data,Transfer_Duration,CDF Line,,"Test_Result = Completed; Test_Name IN (FDFS HTTP DL ST, FDFS HTTPS DL ST); Operator IN (Vodafone UK, 3, EE)",Operator,Campaign
13,FDFS DL,"Belfast, Bristol, Cardiff, Edinburgh, London, Leeds and Sheffield",Title and 3 columns + Comments,,CDR-Data,Transfer_Duration,Average Vertical Bars,,"Test_Result = Completed; Test_Name IN (FDFS HTTP DL ST, FDFS HTTPS DL ST); Operator IN (Vodafone UK, 3, EE)",Operator,Campaign
14,FDFS UL,"Belfast, Bristol, Cardiff, Edinburgh, London, Leeds and Sheffield",Title and 3 columns + Comments,,CDR-Data,Mean_Data_Rate,CDF Line,,"Test_Result = Completed; Test_Name IN (FDFS HTTP UL ST, FDFS HTTPS UL ST); Operator IN (Vodafone UK, 3, EE)",Operator,Campaign
14,FDFS UL,"Belfast, Bristol, Cardiff, Edinburgh, London, Leeds and Sheffield",Title and 3 columns + Comments,,CDR-Data,Transfer_Duration,CDF Line,,"Test_Result = Completed; Test_Name IN (FDFS HTTP UL ST, FDFS HTTPS UL ST); Operator IN (Vodafone UK, 3, EE)",Operator,Campaign
14,FDFS UL,"Belfast, Bristol, Cardiff, Edinburgh, London, Leeds and Sheffield",Title and 3 columns + Comments,,CDR-Data,Transfer_Duration,Average Vertical Bars,,"Test_Result = Completed; Test_Name IN (FDFS HTTP UL ST, FDFS HTTPS UL ST); Operator IN (Vodafone UK, 3, EE)",Operator,Campaign
15,Interactivity,"Belfast, Bristol, Cardiff, Edinburgh, London, Leeds and Sheffield",Title and 2 columns and 2 rows + Comments right,,CDR-Data,Interactivity_RTT_Median,CDF Line,,"Test_Result = Completed; Type_of_Test = Interactivity; Operator IN (Vodafone UK, 3, EE)",Operator,Campaign
15,Interactivity,"Belfast, Bristol, Cardiff, Edinburgh, London, Leeds and Sheffield",Title and 2 columns and 2 rows + Comments right,,CDR-Data,Interactivity_RTT_Median,Median Vertical Bars,,"Test_Result = Completed; Type_of_Test = Interactivity; Operator IN (Vodafone UK, 3, EE)",Operator,Campaign
15,Interactivity,"Belfast, Bristol, Cardiff, Edinburgh, London, Leeds and Sheffield",Title and 2 columns and 2 rows + Comments right,,CDR-Data,Packet_Error_Ratio,CDF Line,,"Test_Result = Completed; Type_of_Test = Interactivity; Operator IN (Vodafone UK, 3, EE)",Operator,Campaign
15,Interactivity,"Belfast, Bristol, Cardiff, Edinburgh, London, Leeds and Sheffield",Title and 2 columns and 2 rows + Comments right,,CDR-Data,Packet_Error_Ratio,Average Vertical Bars,,"Test_Result = Completed; Type_of_Test = Interactivity; Operator IN (Vodafone UK, 3, EE)",Operator,Campaign
16,Browsing,"Belfast, Bristol, Cardiff, Edinburgh, London, Leeds and Sheffield",Title and 2 columns + Comments,,CDR-Data,http_Browser_1MB_Reached_Duration,CDF Line,,"Test_Result = Completed; Type_of_Test = httpBrowser; Operator IN (Vodafone UK, 3, EE)",Operator,Campaign
16,Browsing,"Belfast, Bristol, Cardiff, Edinburgh, London, Leeds and Sheffield",Title and 2 columns + Comments,,CDR-Data,http_Browser_1MB_Reached_Duration,Average Vertical Bars,,"Test_Result = Completed; Type_of_Test = httpBrowser; Operator IN (Vodafone UK, 3, EE)",Operator,Campaign
17,Conclusions,,Title Only,,,,Transition Slide,,,,
