Slide,Slide tittle,Slide Subtittle,Layout,Chart Tittle,CDR source,KPI,Chart type,Filters,Rows Aggregation,Column Aggregation,Legend,Legend Position,Legend Format,Label Position,Label Format,Axis X Range,Axis Y Range,Exclude Null/Empty,Exclude Zero
1,RF Quality Analysis,RSRP & SINR · Coverage and interference,Title Page,,,,Title Slide,,,,,Top,,,,,,,
2,Coverage (RSRP),,Title Only,,,,Transition Slide,,,,,Top,,,,,,,
3,RSRP distribution – Data,Cumulative distribution per Operator and Campaign,Title and 2 columns + Comments,LTE RSRP (dBm) – Data,CDR-Data,LTE_PCell_RSRP_Avg,CDF Line,,Operator,Campaign,Operator,Right,,,,"[-130,-50]",,Yes,
3,RSRP distribution – Data,Cumulative distribution per Operator and Campaign,Title and 2 columns + Comments,NR RSRP (dBm) – Data,CDR-Data,NR_PCell_RSRP_Avg,CDF Line,,Operator,Campaign,Operator,Right,,,,"[-130,-50]",,Yes,
4,RSRP distribution – Voice,Cumulative distribution per Operator and Campaign,Title and 2 columns + Comments,LTE RSRP (dBm) – Voice,CDR-Voice,4G_RSRP_Avg_A,CDF Line,,Operator,Campaign,Operator,Right,,,,"[-130,-50]",,Yes,
4,RSRP distribution – Voice,Cumulative distribution per Operator and Campaign,Title and 2 columns + Comments,NR RSRP (dBm) – Voice,CDR-Voice,NR_RSRP_Avg_A,CDF Line,,Operator,Campaign,Operator,Right,,,,"[-130,-50]",,Yes,
5,RSRP distribution – Speech,Cumulative distribution per Operator and Campaign,Title and 2 columns + Comments,LTE RSRP (dBm) – Speech,CDR-Speech,Playing_RSRP_Avg,CDF Line,,Operator,Campaign,Operator,Right,,,,"[-130,-50]",,Yes,
5,RSRP distribution – Speech,Cumulative distribution per Operator and Campaign,Title and 2 columns + Comments,NR RSRP (dBm) – Speech,CDR-Speech,Playing_RSRP_NR_Avg,CDF Line,,Operator,Campaign,Operator,Right,,,,"[-130,-50]",,Yes,
6,Average LTE RSRP per Operator,Mean RSRP (dBm) per Operator and Campaign,Title and 3 columns + Comments,LTE RSRP – Data,CDR-Data,LTE_PCell_RSRP_Avg,Average Vertical Bars,,Operator,Campaign,Campaign,Top,,,,,,Yes,
6,Average LTE RSRP per Operator,Mean RSRP (dBm) per Operator and Campaign,Title and 3 columns + Comments,LTE RSRP – Voice,CDR-Voice,4G_RSRP_Avg_A,Average Vertical Bars,,Operator,Campaign,Campaign,Top,,,,,,Yes,
6,Average LTE RSRP per Operator,Mean RSRP (dBm) per Operator and Campaign,Title and 3 columns + Comments,LTE RSRP – Speech,CDR-Speech,Playing_RSRP_Avg,Average Vertical Bars,,Operator,Campaign,Campaign,Top,,,,,,Yes,
7,Average NR RSRP per Operator,Mean RSRP (dBm) per Operator and Campaign,Title and 3 columns + Comments,NR RSRP – Data,CDR-Data,NR_PCell_RSRP_Avg,Average Vertical Bars,,Operator,Campaign,Campaign,Top,,,,,,Yes,
7,Average NR RSRP per Operator,Mean RSRP (dBm) per Operator and Campaign,Title and 3 columns + Comments,NR RSRP – Voice,CDR-Voice,NR_RSRP_Avg_A,Average Vertical Bars,,Operator,Campaign,Campaign,Top,,,,,,Yes,
7,Average NR RSRP per Operator,Mean RSRP (dBm) per Operator and Campaign,Title and 3 columns + Comments,NR RSRP – Speech,CDR-Speech,Playing_RSRP_NR_Avg,Average Vertical Bars,,Operator,Campaign,Campaign,Top,,,,,,Yes,
8,LTE RSRP coverage classes,Share of samples per RSRP range (dBm),Title and 3 columns + Comments,LTE RSRP ranges – Data,CDR-Data,LTE_PCell_RSRP_Avg,Distribution Stacked Vertical Bars,"Buckets = -110,-100,-90,-80",Operator,Campaign × Rate Bucket,Rate Bucket,Right,,,,,,Yes,
8,LTE RSRP coverage classes,Share of samples per RSRP range (dBm),Title and 3 columns + Comments,LTE RSRP ranges – Voice,CDR-Voice,4G_RSRP_Avg_A,Distribution Stacked Vertical Bars,"Buckets = -110,-100,-90,-80",Operator,Campaign × Rate Bucket,Rate Bucket,Right,,,,,,Yes,
8,LTE RSRP coverage classes,Share of samples per RSRP range (dBm),Title and 3 columns + Comments,LTE RSRP ranges – Speech,CDR-Speech,Playing_RSRP_Avg,Distribution Stacked Vertical Bars,"Buckets = -110,-100,-90,-80",Operator,Campaign × Rate Bucket,Rate Bucket,Right,,,,,,Yes,
9,Low coverage samples (LTE RSRP below -110 dBm),Share of samples below the threshold,Title and 3 columns + Comments,LTE RSRP < -110 dBm – Data,CDR-Data,LTE_PCell_RSRP_Avg,Threshold Stacked Vertical Bars,Threshold = -110,Operator,Campaign,,Right,,,,,,Yes,
9,Low coverage samples (LTE RSRP below -110 dBm),Share of samples below the threshold,Title and 3 columns + Comments,LTE RSRP < -110 dBm – Voice,CDR-Voice,4G_RSRP_Avg_A,Threshold Stacked Vertical Bars,Threshold = -110,Operator,Campaign,,Right,,,,,,Yes,
9,Low coverage samples (LTE RSRP below -110 dBm),Share of samples below the threshold,Title and 3 columns + Comments,LTE RSRP < -110 dBm – Speech,CDR-Speech,Playing_RSRP_Avg,Threshold Stacked Vertical Bars,Threshold = -110,Operator,Campaign,,Right,,,,,,Yes,
10,Interference (SINR),,Title Only,,,,Transition Slide,,,,,Top,,,,,,,
11,SINR distribution – Data,Cumulative distribution per Operator and Campaign,Title and 2 columns + Comments,LTE SINR (dB) – Data,CDR-Data,LTE_PCell_SINR_Avg,CDF Line,,Operator,Campaign,Operator,Right,,,,"[-10,35]",,Yes,
11,SINR distribution – Data,Cumulative distribution per Operator and Campaign,Title and 2 columns + Comments,NR SINR (dB) – Data,CDR-Data,NR_PCell_SINR_Avg,CDF Line,,Operator,Campaign,Operator,Right,,,,"[-10,35]",,Yes,
12,SINR distribution – Voice,Cumulative distribution per Operator and Campaign,Title and 2 columns + Comments,LTE SINR (dB) – Voice,CDR-Voice,4G_SINR_Avg_A,CDF Line,,Operator,Campaign,Operator,Right,,,,"[-10,35]",,Yes,
12,SINR distribution – Voice,Cumulative distribution per Operator and Campaign,Title and 2 columns + Comments,NR SINR (dB) – Voice,CDR-Voice,NR_SINR_Avg_A,CDF Line,,Operator,Campaign,Operator,Right,,,,"[-10,35]",,Yes,
13,SINR distribution – Speech,Cumulative distribution per Operator and Campaign,Title and 2 columns + Comments,LTE SINR (dB) – Speech,CDR-Speech,Playing_SINR_Avg,CDF Line,,Operator,Campaign,Operator,Right,,,,"[-10,35]",,Yes,
13,SINR distribution – Speech,Cumulative distribution per Operator and Campaign,Title and 2 columns + Comments,NR SINR (dB) – Speech,CDR-Speech,Playing_SINR_NR_Avg,CDF Line,,Operator,Campaign,Operator,Right,,,,"[-10,35]",,Yes,
14,Average LTE SINR per Operator,Mean SINR (dB) per Operator and Campaign,Title and 3 columns + Comments,LTE SINR – Data,CDR-Data,LTE_PCell_SINR_Avg,Average Vertical Bars,,Operator,Campaign,Campaign,Top,,,,,,Yes,
14,Average LTE SINR per Operator,Mean SINR (dB) per Operator and Campaign,Title and 3 columns + Comments,LTE SINR – Voice,CDR-Voice,4G_SINR_Avg_A,Average Vertical Bars,,Operator,Campaign,Campaign,Top,,,,,,Yes,
14,Average LTE SINR per Operator,Mean SINR (dB) per Operator and Campaign,Title and 3 columns + Comments,LTE SINR – Speech,CDR-Speech,Playing_SINR_Avg,Average Vertical Bars,,Operator,Campaign,Campaign,Top,,,,,,Yes,
15,Average NR SINR per Operator,Mean SINR (dB) per Operator and Campaign,Title and 3 columns + Comments,NR SINR – Data,CDR-Data,NR_PCell_SINR_Avg,Average Vertical Bars,,Operator,Campaign,Campaign,Top,,,,,,Yes,
15,Average NR SINR per Operator,Mean SINR (dB) per Operator and Campaign,Title and 3 columns + Comments,NR SINR – Voice,CDR-Voice,NR_SINR_Avg_A,Average Vertical Bars,,Operator,Campaign,Campaign,Top,,,,,,Yes,
15,Average NR SINR per Operator,Mean SINR (dB) per Operator and Campaign,Title and 3 columns + Comments,NR SINR – Speech,CDR-Speech,Playing_SINR_NR_Avg,Average Vertical Bars,,Operator,Campaign,Campaign,Top,,,,,,Yes,
16,LTE SINR quality classes,Share of samples per SINR range (dB),Title and 3 columns + Comments,LTE SINR ranges – Data,CDR-Data,LTE_PCell_SINR_Avg,Distribution Stacked Vertical Bars,"Buckets = 0,5,13,20",Operator,Campaign × Rate Bucket,Rate Bucket,Right,,,,,,Yes,
16,LTE SINR quality classes,Share of samples per SINR range (dB),Title and 3 columns + Comments,LTE SINR ranges – Voice,CDR-Voice,4G_SINR_Avg_A,Distribution Stacked Vertical Bars,"Buckets = 0,5,13,20",Operator,Campaign × Rate Bucket,Rate Bucket,Right,,,,,,Yes,
16,LTE SINR quality classes,Share of samples per SINR range (dB),Title and 3 columns + Comments,LTE SINR ranges – Speech,CDR-Speech,Playing_SINR_Avg,Distribution Stacked Vertical Bars,"Buckets = 0,5,13,20",Operator,Campaign × Rate Bucket,Rate Bucket,Right,,,,,,Yes,
17,High interference samples (LTE SINR below 0 dB),Share of samples below the threshold,Title and 3 columns + Comments,LTE SINR < 0 dB – Data,CDR-Data,LTE_PCell_SINR_Avg,Threshold Stacked Vertical Bars,Threshold = 0,Operator,Campaign,,Right,,,,,,Yes,
17,High interference samples (LTE SINR below 0 dB),Share of samples below the threshold,Title and 3 columns + Comments,LTE SINR < 0 dB – Voice,CDR-Voice,4G_SINR_Avg_A,Threshold Stacked Vertical Bars,Threshold = 0,Operator,Campaign,,Right,,,,,,Yes,
17,High interference samples (LTE SINR below 0 dB),Share of samples below the threshold,Title and 3 columns + Comments,LTE SINR < 0 dB – Speech,CDR-Speech,Playing_SINR_Avg,Threshold Stacked Vertical Bars,Threshold = 0,Operator,Campaign,,Right,,,,,,Yes,
